[
  {
    "receipt_id": "golden_rcpt_0001",
    "action_id": "GOLDEN_ACTION_001",
    "evidence_hash": "e1759346282239dd8abe5744bfabde567e1a1d692b5ad14a78a74f7d6fe14064",
    "decision_hash": "82a7895e914d23651b2a279f645266e49588d18d8fef9869e1df217dc328a794",
    "token_jti": "golden_tok_0001",
    "sid": "golden_sid_0001",
    "tool_name": "mock_tool",
    "operation": "execute",
    "params_hash": "01e954a09fa21404066ccd95f75ba79fd2b30699c521fb5f83a907ef97fef94a",
    "decision_binding": "7bbdb41447cb87f24ae2a92fa981621be7254f4e35bba876735aeb85c4c4fcc7",
    "result_hash": "a99ad9408d994e114fae8a0d85ce5878f3db7b3c88f306f6a2abec1fade80b54",
    "response_hash": "dc54b6ef1cc9498b8116fb3029e479eb22aea405ea4b468b43f7aa4a2885e656",
    "result_status": "success",
    "invoked_at_utc": "2026-01-01T00:00:00+00:00",
    "completed_at_utc": "2026-01-01T00:00:01+00:00",
    "duration_ms": 1000,
    "prev_receipt_hash": "",
    "receipt_hash": "cbf804f5d1c2f467b3db6c79c50e80ae16bba0a5f97d78e30aabe7fe42bc1df3",
    "signature": "GJ2zhU71dMaftd7ai1Z9OxI21waT1k2LsioLPOTZHljbGpRQms1Nx3Umaeo4SNTw50UT/Bd2Uctcbpka3fecBA==",
    "key_id": "golden_gateway"
  }
]