{
  "jti": "golden_tok_0001",
  "sub": "agent_golden_001",
  "iss": "golden_gateway",
  "action_id": "GOLDEN_ACTION_001",
  "evidence_hash": "e1759346282239dd8abe5744bfabde567e1a1d692b5ad14a78a74f7d6fe14064",
  "decision_hash": "82a7895e914d23651b2a279f645266e49588d18d8fef9869e1df217dc328a794",
  "tier": "T1_SENSITIVE",
  "allowed_tools": [
    "mock_tool"
  ],
  "allowed_ops": [
    "execute"
  ],
  "budget": {
    "max_calls": 10,
    "max_bytes_in": null,
    "max_bytes_out": 1000000,
    "max_spend_cents": null,
    "max_duration_seconds": null
  },
  "iat": "2026-01-01T00:00:00+00:00",
  "exp": "2026-01-01T01:00:00+00:00",
  "signature": "fpHhSkByXBOC7mzkXSDtZRFFNIK8Nzpdhs9jPfLMuPZKFKTHKqYaX9jx12wQIUrU+T9nCsd/MxJ1uqqMb6j1DA==",
  "key_id": "golden_gateway",
  "params_hash": "",
  "sid": "golden_sid_0001",
  "nonce_required": false,
  "counter_required": false
}